{
  "project_info": {
    "project_number": "94983896797",
    "firebase_url": "https://enatega-production.firebaseio.com",
    "project_id": "enatega-production",
    "storage_bucket": "enatega-production.appspot.com"
  },
  "client": [
    {
      "client_info": {
        "mobilesdk_app_id": "1:94983896797:android:ec37b623e2579690112534",
        "android_client_info": {
          "package_name": "com.enatega.rider"
        }
      },
      "oauth_client": [
        {
          "client_id": "94983896797-9e36v3edasjt9t9r5q9uvkth700nn0nn.apps.googleusercontent.com",
          "client_type": 3
        }
      ],
      "api_key": [
        {
          "current_key": "AIzaSyBt9S6e7ig5EkNiSXw3sCyX7kgo1gzPxl4"
        }
      ],
      "services": {
        "appinvite_service": {
          "other_platform_oauth_client": [
            {
              "client_id": "94983896797-9e36v3edasjt9t9r5q9uvkth700nn0nn.apps.googleusercontent.com",
              "client_type": 3
            },
            {
              "client_id": "94983896797-m8ri1dftjkik9etuid39top8g2c3ode3.apps.googleusercontent.com",
              "client_type": 2,
              "ios_info": {
                "bundle_id": "com.enatega.driver"
              }
            }
          ]
        }
      }
    },
    {
      "client_info": {
        "mobilesdk_app_id": "1:94983896797:android:5b28fe2925a51512112534",
        "android_client_info": {
          "package_name": "com.enatega.vendor"
        }
      },
      "oauth_client": [
        {
          "client_id": "94983896797-9e36v3edasjt9t9r5q9uvkth700nn0nn.apps.googleusercontent.com",
          "client_type": 3
        }
      ],
      "api_key": [
        {
          "current_key": "AIzaSyBt9S6e7ig5EkNiSXw3sCyX7kgo1gzPxl4"
        }
      ],
      "services": {
        "appinvite_service": {
          "other_platform_oauth_client": [
            {
              "client_id": "94983896797-9e36v3edasjt9t9r5q9uvkth700nn0nn.apps.googleusercontent.com",
              "client_type": 3
            },
            {
              "client_id": "94983896797-m8ri1dftjkik9etuid39top8g2c3ode3.apps.googleusercontent.com",
              "client_type": 2,
              "ios_info": {
                "bundle_id": "com.enatega.driver"
              }
            }
          ]
        }
      }
    }
  ],
  "configuration_version": "1"
}